<?xml version="1.0" encoding="UTF-8" standalone="yes"?>
<addon id="plugin.video.FSplugin" name="Filmy i Seriale" version="0.0.1" provider-name="Maciek.Braciak">
	<requires>
				<import addon="xbmc.python" version="2.24.0"/>
		<import addon="script.module.requests" version="2.9.1"/>
		
		<import addon="script.module.urlresolver" version="4.0.17"/> 
		<import addon="script.module.beautifulsoup4" version="4.3.1"/> 
		<!-- <import addon="script.module.nanscrapers" version="0.5.5" /> -->
        <!-- <import addon="script.module.python.koding.aio" version="0.0.1"/> -->
        <!-- <import addon="script.module.beautifulsoup4" version="4.3.2"/> -->
	</requires>
	<extension point="xbmc.python.pluginsource" library="default.py">
		<provides>video</provides>
	</extension>
	<extension point="xbmc.addon.metadata">
		<summary lang="en">Wyszukiwarka filmow i seriali</summary>
		<description lang="en">Wyszukiwarka filmow i seriali</description>
		<platform>all</platform>
		<forum></forum>
		<website></website>
		<news></news>
		<genre>movies,tvshows,usa</genre>
		<video_guide></video_guide>
		<video_preview></video_preview>
	</extension>
</addon>
