<?xml version="1.0" encoding="UTF-8" standalone="yes"?>
<addon id="repository.mbraciak" name="repoMBraciak" version="0.0.1" provider-name="mbraciak">
	<extension point="xbmc.addon.repository" name="repoMBraciak">
		<dir>
			<info compressed="false">https://raw.githubusercontent.com/mbraciak/repository.mbraciak/master/zips/addons.xml</info>
			<checksum>https://raw.githubusercontent.com/mbraciak/repository.mbraciak/master/zips/addons.xml.md5</checksum>
			<datadir zip="true">https://raw.githubusercontent.com/mbraciak/repository.mbraciak/master/zips/</datadir>
		</dir>
		<info compressed="false">https://raw.githubusercontent.com/mbraciak/repository.mbraciak/master/zips/addons.xml</info>
		<checksum>https://raw.githubusercontent.com/mbraciak/repository.mbraciak/master/zips/addons.xml.md5</checksum>
		<datadir zip="true">https://raw.githubusercontent.com/mbraciak/repository.mbraciak/master/zips/</datadir>
	</extension>
	<extension point="xbmc.addon.metadata">
		<summary lang="en">some</summary>
		<description lang="en">some</description>
		<genre>movies</genre>
	</extension>
</addon>