<?xml version="1.0" encoding="UTF-8" standalone="yes"?>
<addon id="repository.mbraciak" name="mbraciak" version="0.0.4" provider-name="mbraciak">
    <extension point="xbmc.addon.repository" name="mbraciakrepo">
        <dir>
			
			<info compressed="false">https://raw.githubusercontent.com/mbraciak/repository.mbraciak/master/zips/addons.xml</info>
			<checksum>https://raw.githubusercontent.com/mbraciak/repository.mbraciak/master/zips/addons.xml.md5</checksum>
			<datadir zip="true">https://github.com/mbraciak/mbraciakrepo/tree/master/zips</datadir>
        </dir>
       
    </extension>
    <extension point="xbmc.addon.metadata">
        <summary>MBraciak REpo</summary>
        <summary lang="pl">Repozytorium wtyczek</summary>
        <summary lang="en">Addons repository</summary>
        <description>Unofficial, private Addons repository.</description>
        <disclaimer>Repository has non-comercial nature. Just for fun</disclaimer>
        <disclaimer lang="pl">Zawartość repozytorium ma charakter niekomercyjny, tworzone dla zabawy.</disclaimer>
        <platform>all</platform>
        <website>https://github.com/ramicspa/mbraciak</website>
        <email></email>
    </extension>
</addon>
